mech,number_handler_mean,number_handlers,number_handlers_client,number_handlers_client_mean,number_handlers_server,number_handlers_server_mean,number_projects,number_projects_client,number_projects_server
try-catch,233.09316770186336,37528,15289,201.17105263157896,22239,261.63529411764705,161,76,85
async-await,4.9,49,8,2.0,41,6.833333333333333,10,4,6
event,13.666666666666666,1230,234,7.8,996,16.6,90,30,60
promise,24.036585365853657,1971,1007,28.771428571428572,964,20.51063829787234,82,35,47
callback,360.6900584795322,61678,30200,402.6666666666667,31478,327.8958333333333,171,75,96
