try-catch,promise,async-await,event,callback
232.6041666666666,10.026041666666668,0.0,3.546875,220.6875
44660.0,1925.0,0.0,681.0,42372.0
