,mech,count,lines,stmts,%ER,%LoC
0,async-await,49,142,76,0.011711137374115582,0.0012284179084645261
1,callback,63271,1120562,240252,92.41588393108243,9.693791748907227
2,event,1231,3022,2121,0.2492327967927978,0.026142809291407026
3,promise,1979,4815,3176,0.39710652434060933,0.04165374809335699
4,try-catch,49237,83980,46257,6.926065610410046,0.7264967320623303
