strategy,count,perc
Others,60681,59.22639962520496
Ignore arg,11778,11.495666432419771
Empty,8424,8.222066057624737
Reassign error,7063,6.8936909502615755
Re-throw,4245,4.143241977043805
"Ignore arg, Return literal",2936,2.865620363863512
"Reassign error, Break",1371,1.3381353947060202
