async-await,callback,event,promise,try-catch
0.0,220.6875,3.546875,10.026041666666668,232.6041666666666
0.0,42372.0,681.0,1925.0,44660.0
